<?xml version='1.0' encoding='UTF-8'?>
<ExtensionManifest ExtensionBundleId="f2e.tool" ExtensionBundleVersion="1.0.0" Version="7.0" xmlns:xsi="http://www.w3.org/2001/XMLSchema-instance">
    <ExtensionList>
        <Extension Id="f2e.tool.panel" Version="1.0.0" />
    </ExtensionList>
    <ExecutionEnvironment>
        <HostList>
            <Host Name="PHSP" Version="18" />
            <Host Name="PHXS" Version="18" />
        </HostList>
        <LocaleList>
            <Locale Code="All" />
        </LocaleList>
        <RequiredRuntimeList>
            <RequiredRuntime Name="CSXS" Version="7.0" />
        </RequiredRuntimeList>
    </ExecutionEnvironment>
    <DispatchInfoList>
        <Extension Id="f2e.tool.panel">
            <DispatchInfo>
                <Resources>
                    <MainPath>./client/index.html</MainPath>
                    <ScriptPath>./host/index.jsx</ScriptPath>
                    <CEFCommandLine>
                        <Parameter>--enable-nodejs</Parameter>
                    </CEFCommandLine>
                </Resources>
                <Lifecycle>
                    <AutoVisible>true</AutoVisible>
                </Lifecycle>
                <UI>
                    <Type>Panel</Type>
                    <Menu>F2E tool</Menu>
                    <Geometry>
                        <Size>
                            <Height>270</Height>
                            <Width>260</Width>
                        </Size>
                    </Geometry>
                    <Icons>
                        <Icon Type="Normal">./images/IconLight.png</Icon>
                        <Icon Type="RollOver">./images/IconLight.png</Icon>
                        <Icon Type="DarkNormal">./images/IconDark.png</Icon>
                        <Icon Type="DarkRollOver">./images/IconDark.png</Icon>
                    </Icons>
                </UI>
            </DispatchInfo>
        </Extension>
    </DispatchInfoList>
</ExtensionManifest>
